ID_Venda;Data;Vendedor;Região;Produto;Quantidade;Preço Unitário
1386;28/04/2026;Hugo Martins; NORTE;Cadeira Ergonômica;4;1.299,00
1387;12/04/2026;Felipe Alves;nordeste;Cadeira Ergonômica;1;1.299,00
1388;10/04/2026;  Bruno Lima ;SUDESTE;Teclado Mecânico;3;349,00
1389;06/04/2026;Felipe Alves;Nordeste;HD Externo 2TB;4;549,00
1390;13/04/2026;Gabriela Reis;Centro-Oeste;SSD 1TB;1;459,90
1391;05/04/2026;Carla Mendes;SUL;SSD 1TB;1;459,90
1392;16/04/2026;Carla Mendes;Sul;Webcam Full HD;5;259,00
1393;23/04/2026;Hugo Martins; NORTE;Teclado Mecânico;1;349,00
1394;08/04/2026;Elisa Prado;Nordeste;Headset Gamer;2;299,90
1395;15/04/2026;Hugo Martins;Norte;Cadeira Ergonômica;1;1.299,00
1396;12/04/2026;Ana Souza;SUDESTE;SSD 1TB;2;459,90
1397;27/04/2026;Diego Rocha;SUL;Notebook Pro 14;5;4.899,90
1398;03/04/2026;Hugo Martins;Norte;Monitor 27 pol;2;1.599,00
1399;12/04/2026;Gabriela Reis;Centro-Oeste;Cadeira Ergonômica;1;1.299,00
1400;26/04/2026;Ana Souza;SUDESTE;Caixa de Som BT;2;199,90
1401;23/04/2026;Elisa Prado;nordeste;Cadeira Ergonômica;2;1.299,00
1402;29/04/2026;Bruno Lima;Sudeste;Webcam Full HD;1;259,00
1403;05/04/2026;Carla Mendes;Sul;Teclado Mecânico;3;349,00
1404;22/04/2026;Gabriela Reis;centro-oeste ;Teclado Mecânico;2;349,00
1405;03/04/2026;Bruno Lima; sudeste ;HD Externo 2TB;2;549,00
1406;15/04/2026;Hugo Martins; NORTE;Cadeira Ergonômica;1;1.299,00
1407;03/04/2026;Hugo Martins; NORTE;Mouse Sem Fio;4;89,90
1408;07/04/2026;Hugo Martins; NORTE;Caixa de Som BT;2;199,90
1409;19/04/2026;  Hugo Martins ; NORTE;Notebook Pro 14;1;4.899,90
1410;15/04/2026;Ana Souza;Sudeste;Teclado Mecânico;5;349,00
1411;14/04/2026;Diego Rocha;sul ;Teclado Mecânico;2;349,00
1412;09/04/2026;  Bruno Lima ;SUDESTE;Caixa de Som BT;2;199,90
1413;21/04/2026;Carla Mendes;Sul;Webcam Full HD;2;259,00
1414;14/04/2026;Bruno Lima;SUDESTE;Mouse Sem Fio;1;89,90
1415;19/04/2026;  Diego Rocha ;sul ;SSD 1TB;1;459,90
1416;04/04/2026;Gabriela Reis;Centro-Oeste;SSD 1TB;1;459,90
1417;26/04/2026;Bruno Lima;Sudeste;Caixa de Som BT;3;199,90
1418;25/04/2026;Carla Mendes;sul ;Teclado Mecânico;1;349,00
;;;;;;
1419;21/04/2026;Carla Mendes;SUL;Caixa de Som BT;2;199,90
1420;14/04/2026;  Hugo Martins ;Norte;Mouse Sem Fio;1;89,90
1421;24/04/2026;Gabriela Reis;centro-oeste ;Webcam Full HD;3;259,00
1422;21/04/2026;Bruno Lima;Sudeste;HD Externo 2TB;2;549,00
1423;28/04/2026;Elisa Prado;Nordeste;HD Externo 2TB;2;549,00
1424;02/04/2026;Diego Rocha;SUL;Webcam Full HD;1;259,00
1425;03/04/2026;Ana Souza; sudeste ;Caixa de Som BT;1;199,90
1426;14/04/2026;  Felipe Alves ;Nordeste;SSD 1TB;1;459,90
1427;09/04/2026;Diego Rocha;Sul;Notebook Pro 14;4;4.899,90
1428;17/04/2026;Gabriela Reis;centro-oeste ;Webcam Full HD;1;259,00
1429;05/04/2026;Elisa Prado;Nordeste;Headset Gamer;1;299,90
1430;26/04/2026;Carla Mendes;sul ;Caixa de Som BT;4;199,90
1431;21/04/2026;  Bruno Lima ; sudeste ;Webcam Full HD;2;259,00
1432;14/04/2026;Bruno Lima; sudeste ;Cadeira Ergonômica;1;1.299,00
1433;24/04/2026;Carla Mendes;Sul;Notebook Pro 14;1;4.899,90
1434;12/04/2026;Elisa Prado;Nordeste;Caixa de Som BT;1;199,90
1435;24/04/2026;Bruno Lima;Sudeste;Caixa de Som BT;4;199,90
1436;23/04/2026;  Bruno Lima ; sudeste ;SSD 1TB;3;459,90
1437;06/04/2026;Felipe Alves;Nordeste;Headset Gamer;1;299,90
1438;04/04/2026;  Diego Rocha ;sul ;HD Externo 2TB;1;549,00
1439;08/04/2026;Ana Souza; sudeste ;Caixa de Som BT;4;199,90
1440;28/04/2026;Ana Souza;SUDESTE;Webcam Full HD;2;259,00
1441;24/04/2026;  Felipe Alves ;nordeste;Mouse Sem Fio;3;89,90
1442;02/04/2026;Carla Mendes;Sul;HD Externo 2TB;1;549,00
1443;15/04/2026;Elisa Prado;nordeste;Caixa de Som BT;1;199,90
;;;;;;
1444;07/04/2026;Elisa Prado;nordeste;Cadeira Ergonômica;2;1.299,00
1445;16/04/2026;Diego Rocha;sul ;HD Externo 2TB;2;549,00
1446;01/04/2026;Diego Rocha;sul ;Caixa de Som BT;1;199,90
;;;;;;
1447;22/04/2026;Gabriela Reis;centro-oeste ;Mouse Sem Fio;2;89,90
1448;16/04/2026;  Ana Souza ;Sudeste;Headset Gamer;1;299,90
1449;28/04/2026;Gabriela Reis;centro-oeste ;SSD 1TB;1;459,90
1450;21/04/2026;Gabriela Reis;Centro-Oeste;Cadeira Ergonômica;1;1.299,00
1451;08/04/2026;Elisa Prado;nordeste;Caixa de Som BT;4;199,90
1452;11/04/2026;Hugo Martins; NORTE;Monitor 27 pol;1;1.599,00
1453;25/04/2026;Bruno Lima;Sudeste;Mouse Sem Fio;1;89,90
1454;04/04/2026;Felipe Alves;Nordeste;SSD 1TB;2;459,90
1455;03/04/2026;Carla Mendes;sul ;Headset Gamer;1;299,90
1456;05/04/2026;Bruno Lima;SUDESTE;Monitor 27 pol;3;1.599,00
1457;10/04/2026;Elisa Prado;Nordeste;Notebook Pro 14;4;4.899,90
1458;18/04/2026;Diego Rocha;Sul;SSD 1TB;1;459,90
1459;01/04/2026;Ana Souza;Sudeste;Teclado Mecânico;2;349,00
1460;21/04/2026;Bruno Lima;SUDESTE;Cadeira Ergonômica;2;1.299,00
1461;03/04/2026;  Diego Rocha ;sul ;SSD 1TB;1;459,90
1462;26/04/2026;  Felipe Alves ;Nordeste;Notebook Pro 14;5;4.899,90
1463;14/04/2026;Gabriela Reis;centro-oeste ;Notebook Pro 14;4;4.899,90
1464;07/04/2026;Carla Mendes;SUL;Headset Gamer;5;299,90
1465;20/04/2026;Diego Rocha;sul ;Headset Gamer;5;299,90
1466;02/04/2026;Bruno Lima; sudeste ;Webcam Full HD;1;259,00
1467;26/04/2026;Diego Rocha;sul ;HD Externo 2TB;1;549,00
1468;12/04/2026;Hugo Martins; NORTE;Caixa de Som BT;3;199,90
1469;11/04/2026;Diego Rocha;Sul;Headset Gamer;1;299,90
1470;12/04/2026;Diego Rocha;Sul;Mouse Sem Fio;2;89,90
1471;27/04/2026;Ana Souza;Sudeste;Cadeira Ergonômica;4;1.299,00
1472;28/04/2026;Carla Mendes;Sul;Monitor 27 pol;3;1.599,00
1473;30/04/2026;Ana Souza;SUDESTE;Caixa de Som BT;1;199,90
1474;26/04/2026;  Hugo Martins ; NORTE;Teclado Mecânico;5;349,00
1475;20/04/2026;  Diego Rocha ;Sul;HD Externo 2TB;5;549,00
1476;07/04/2026;  Carla Mendes ;SUL;Teclado Mecânico;3;349,00
1477;23/04/2026;Carla Mendes;Sul;HD Externo 2TB;3;549,00
1478;22/04/2026;Gabriela Reis;Centro-Oeste;Caixa de Som BT;2;199,90
1479;24/04/2026;Gabriela Reis;centro-oeste ;Caixa de Som BT;1;199,90
1480;29/04/2026;Felipe Alves;Nordeste;Cadeira Ergonômica;1;1.299,00
1481;10/04/2026;Carla Mendes;Sul;Notebook Pro 14;4;4.899,90
1482;19/04/2026;Ana Souza;Sudeste;Cadeira Ergonômica;3;1.299,00
1483;08/04/2026;Bruno Lima; sudeste ;Teclado Mecânico;3;349,00
1484;11/04/2026;Carla Mendes;sul ;Mouse Sem Fio;3;89,90
1485;08/04/2026;Bruno Lima; sudeste ;Headset Gamer;1;299,90
1486;15/04/2026;Gabriela Reis;Centro-Oeste;Webcam Full HD;5;259,00
1487;13/04/2026;Bruno Lima; sudeste ;Cadeira Ergonômica;2;1.299,00
1488;28/04/2026;Ana Souza; sudeste ;Notebook Pro 14;3;4.899,90
1489;11/04/2026;Carla Mendes;SUL;Teclado Mecânico;1;349,00
1490;03/04/2026;Felipe Alves;nordeste;Notebook Pro 14;4;4.899,90
1491;29/04/2026;Gabriela Reis;Centro-Oeste;Notebook Pro 14;1;4.899,90
1492;14/04/2026;  Elisa Prado ;nordeste;Headset Gamer;2;299,90
1493;18/04/2026;  Hugo Martins ;Norte;Notebook Pro 14;3;4.899,90
1494;27/04/2026;Hugo Martins;Norte;Mouse Sem Fio;1;89,90
1495;03/04/2026;Hugo Martins;Norte;Headset Gamer;4;299,90
1496;09/04/2026;Bruno Lima;SUDESTE;HD Externo 2TB;4;549,00
1497;12/04/2026;Carla Mendes;SUL;Notebook Pro 14;2;4.899,90
1498;27/04/2026;  Elisa Prado ;Nordeste;Teclado Mecânico;1;349,00
1499;18/04/2026;Gabriela Reis;Centro-Oeste;HD Externo 2TB;1;549,00
1500;14/04/2026;  Hugo Martins ;Norte;SSD 1TB;2;459,90
1501;23/04/2026;  Ana Souza ;SUDESTE;Cadeira Ergonômica;1;1.299,00
1502;06/04/2026;  Carla Mendes ;Sul;Monitor 27 pol;1;1.599,00
1503;22/04/2026;Gabriela Reis;Centro-Oeste;Teclado Mecânico;2;349,00
1504;26/04/2026;Bruno Lima;Sudeste;Webcam Full HD;4;259,00
1505;17/04/2026;  Hugo Martins ;Norte;Cadeira Ergonômica;4;1.299,00
1506;19/04/2026;Bruno Lima;Sudeste;Cadeira Ergonômica;1;1.299,00
1507;29/04/2026;Felipe Alves;nordeste;Headset Gamer;4;299,90
1508;16/04/2026;  Ana Souza ;Sudeste;Headset Gamer;4;299,90
1509;23/04/2026;Gabriela Reis;Centro-Oeste;Webcam Full HD;3;259,00
1510;16/04/2026;Elisa Prado;nordeste;Notebook Pro 14;3;4.899,90
1511;09/04/2026;Hugo Martins;Norte;Monitor 27 pol;1;1.599,00
1512;25/04/2026;Felipe Alves;nordeste;Webcam Full HD;1;259,00
1513;27/04/2026;Gabriela Reis;centro-oeste ;HD Externo 2TB;3;549,00
1514;06/04/2026;  Bruno Lima ; sudeste ;HD Externo 2TB;4;549,00
1515;29/04/2026;Ana Souza;Sudeste;Monitor 27 pol;2;1.599,00
